,url
0,https://github.com/rust-lang/cargo/issues?page=1&q=is%3Aissue+is%3Aopen
1,https://github.com/rust-lang/cargo/issues?page=2&q=is%3Aissue+is%3Aopen
2,https://github.com/rust-lang/cargo/issues?page=3&q=is%3Aissue+is%3Aopen
3,https://github.com/rust-lang/cargo/issues?page=4&q=is%3Aissue+is%3Aopen
4,https://github.com/rust-lang/cargo/issues?page=5&q=is%3Aissue+is%3Aopen
5,https://github.com/rust-lang/cargo/issues?page=6&q=is%3Aissue+is%3Aopen
6,https://github.com/rust-lang/cargo/issues?page=7&q=is%3Aissue+is%3Aopen
7,https://github.com/rust-lang/cargo/issues?page=8&q=is%3Aissue+is%3Aopen
8,https://github.com/rust-lang/cargo/issues?page=9&q=is%3Aissue+is%3Aopen
9,https://github.com/rust-lang/cargo/issues?page=10&q=is%3Aissue+is%3Aopen
10,https://github.com/rust-lang/cargo/issues?page=11&q=is%3Aissue+is%3Aopen
11,https://github.com/rust-lang/cargo/issues?page=12&q=is%3Aissue+is%3Aopen
12,https://github.com/rust-lang/cargo/issues?page=13&q=is%3Aissue+is%3Aopen
13,https://github.com/rust-lang/cargo/issues?page=14&q=is%3Aissue+is%3Aopen
14,https://github.com/rust-lang/cargo/issues?page=15&q=is%3Aissue+is%3Aopen
15,https://github.com/rust-lang/cargo/issues?page=16&q=is%3Aissue+is%3Aopen
16,https://github.com/rust-lang/cargo/issues?page=17&q=is%3Aissue+is%3Aopen
17,https://github.com/rust-lang/cargo/issues?page=18&q=is%3Aissue+is%3Aopen
18,https://github.com/rust-lang/cargo/issues?page=19&q=is%3Aissue+is%3Aopen
19,https://github.com/rust-lang/cargo/issues?page=20&q=is%3Aissue+is%3Aopen
20,https://github.com/rust-lang/cargo/issues?page=21&q=is%3Aissue+is%3Aopen
21,https://github.com/rust-lang/cargo/issues?page=22&q=is%3Aissue+is%3Aopen
22,https://github.com/rust-lang/cargo/issues?page=23&q=is%3Aissue+is%3Aopen
23,https://github.com/rust-lang/cargo/issues?page=24&q=is%3Aissue+is%3Aopen
24,https://github.com/rust-lang/cargo/issues?page=25&q=is%3Aissue+is%3Aopen
25,https://github.com/rust-lang/cargo/issues?page=26&q=is%3Aissue+is%3Aopen
26,https://github.com/rust-lang/cargo/issues?page=27&q=is%3Aissue+is%3Aopen
27,https://github.com/rust-lang/cargo/issues?page=28&q=is%3Aissue+is%3Aopen
28,https://github.com/rust-lang/cargo/issues?page=29&q=is%3Aissue+is%3Aopen
29,https://github.com/rust-lang/cargo/issues?page=1&q=is%3Aissue+is%3Aclosed
30,https://github.com/rust-lang/cargo/issues?page=2&q=is%3Aissue+is%3Aclosed
31,https://github.com/rust-lang/cargo/issues?page=3&q=is%3Aissue+is%3Aclosed
32,https://github.com/rust-lang/cargo/issues?page=4&q=is%3Aissue+is%3Aclosed
33,https://github.com/rust-lang/cargo/issues?page=5&q=is%3Aissue+is%3Aclosed
34,https://github.com/rust-lang/cargo/issues?page=6&q=is%3Aissue+is%3Aclosed
35,https://github.com/rust-lang/cargo/issues?page=7&q=is%3Aissue+is%3Aclosed
36,https://github.com/rust-lang/cargo/issues?page=8&q=is%3Aissue+is%3Aclosed
37,https://github.com/rust-lang/cargo/issues?page=9&q=is%3Aissue+is%3Aclosed
38,https://github.com/rust-lang/cargo/issues?page=10&q=is%3Aissue+is%3Aclosed
39,https://github.com/rust-lang/cargo/issues?page=11&q=is%3Aissue+is%3Aclosed
40,https://github.com/rust-lang/cargo/issues?page=12&q=is%3Aissue+is%3Aclosed
41,https://github.com/rust-lang/cargo/issues?page=13&q=is%3Aissue+is%3Aclosed
42,https://github.com/rust-lang/cargo/issues?page=14&q=is%3Aissue+is%3Aclosed
43,https://github.com/rust-lang/cargo/issues?page=15&q=is%3Aissue+is%3Aclosed
44,https://github.com/rust-lang/cargo/issues?page=16&q=is%3Aissue+is%3Aclosed
45,https://github.com/rust-lang/cargo/issues?page=17&q=is%3Aissue+is%3Aclosed
46,https://github.com/rust-lang/cargo/issues?page=18&q=is%3Aissue+is%3Aclosed
47,https://github.com/rust-lang/cargo/issues?page=19&q=is%3Aissue+is%3Aclosed
48,https://github.com/rust-lang/cargo/issues?page=20&q=is%3Aissue+is%3Aclosed
49,https://github.com/rust-lang/cargo/issues?page=21&q=is%3Aissue+is%3Aclosed
50,https://github.com/rust-lang/cargo/issues?page=22&q=is%3Aissue+is%3Aclosed
51,https://github.com/rust-lang/cargo/issues?page=23&q=is%3Aissue+is%3Aclosed
52,https://github.com/rust-lang/cargo/issues?page=24&q=is%3Aissue+is%3Aclosed
53,https://github.com/rust-lang/cargo/issues?page=25&q=is%3Aissue+is%3Aclosed
54,https://github.com/rust-lang/cargo/issues?page=26&q=is%3Aissue+is%3Aclosed
55,https://github.com/rust-lang/cargo/issues?page=27&q=is%3Aissue+is%3Aclosed
56,https://github.com/rust-lang/cargo/issues?page=28&q=is%3Aissue+is%3Aclosed
57,https://github.com/rust-lang/cargo/issues?page=29&q=is%3Aissue+is%3Aclosed
58,https://github.com/rust-lang/cargo/issues?page=30&q=is%3Aissue+is%3Aclosed
59,https://github.com/rust-lang/cargo/issues?page=31&q=is%3Aissue+is%3Aclosed
60,https://github.com/rust-lang/cargo/issues?page=32&q=is%3Aissue+is%3Aclosed
61,https://github.com/rust-lang/cargo/issues?page=33&q=is%3Aissue+is%3Aclosed
62,https://github.com/rust-lang/cargo/issues?page=34&q=is%3Aissue+is%3Aclosed
63,https://github.com/rust-lang/cargo/issues?page=35&q=is%3Aissue+is%3Aclosed
64,https://github.com/rust-lang/cargo/issues?page=36&q=is%3Aissue+is%3Aclosed
65,https://github.com/rust-lang/cargo/issues?page=37&q=is%3Aissue+is%3Aclosed
66,https://github.com/rust-lang/cargo/issues?page=38&q=is%3Aissue+is%3Aclosed
67,https://github.com/rust-lang/cargo/issues?page=39&q=is%3Aissue+is%3Aclosed
68,https://github.com/rust-lang/cargo/issues?page=40&q=is%3Aissue+is%3Aclosed
69,https://github.com/rust-lang/cargo/issues?page=41&q=is%3Aissue+is%3Aclosed
70,https://github.com/rust-lang/cargo/issues?page=42&q=is%3Aissue+is%3Aclosed
71,https://github.com/rust-lang/cargo/issues?page=43&q=is%3Aissue+is%3Aclosed
72,https://github.com/rust-lang/cargo/issues?page=44&q=is%3Aissue+is%3Aclosed
73,https://github.com/rust-lang/cargo/issues?page=45&q=is%3Aissue+is%3Aclosed
74,https://github.com/rust-lang/cargo/issues?page=46&q=is%3Aissue+is%3Aclosed
75,https://github.com/rust-lang/cargo/issues?page=47&q=is%3Aissue+is%3Aclosed
76,https://github.com/rust-lang/cargo/issues?page=48&q=is%3Aissue+is%3Aclosed
77,https://github.com/rust-lang/cargo/issues?page=49&q=is%3Aissue+is%3Aclosed
78,https://github.com/rust-lang/cargo/issues?page=50&q=is%3Aissue+is%3Aclosed
79,https://github.com/rust-lang/cargo/issues?page=51&q=is%3Aissue+is%3Aclosed
80,https://github.com/rust-lang/cargo/issues?page=52&q=is%3Aissue+is%3Aclosed
81,https://github.com/rust-lang/cargo/issues?page=53&q=is%3Aissue+is%3Aclosed
82,https://github.com/rust-lang/cargo/issues?page=54&q=is%3Aissue+is%3Aclosed
83,https://github.com/rust-lang/cargo/issues?page=55&q=is%3Aissue+is%3Aclosed
84,https://github.com/rust-lang/cargo/issues?page=56&q=is%3Aissue+is%3Aclosed
85,https://github.com/rust-lang/cargo/issues?page=57&q=is%3Aissue+is%3Aclosed
86,https://github.com/rust-lang/cargo/issues?page=58&q=is%3Aissue+is%3Aclosed
87,https://github.com/rust-lang/cargo/issues?page=59&q=is%3Aissue+is%3Aclosed
88,https://github.com/rust-lang/cargo/issues?page=60&q=is%3Aissue+is%3Aclosed
89,https://github.com/rust-lang/cargo/issues?page=61&q=is%3Aissue+is%3Aclosed
90,https://github.com/rust-lang/cargo/issues?page=62&q=is%3Aissue+is%3Aclosed
91,https://github.com/rust-lang/cargo/issues?page=63&q=is%3Aissue+is%3Aclosed
92,https://github.com/rust-lang/cargo/issues?page=64&q=is%3Aissue+is%3Aclosed
93,https://github.com/rust-lang/cargo/issues?page=65&q=is%3Aissue+is%3Aclosed
94,https://github.com/rust-lang/cargo/issues?page=66&q=is%3Aissue+is%3Aclosed
95,https://github.com/rust-lang/cargo/issues?page=67&q=is%3Aissue+is%3Aclosed
96,https://github.com/rust-lang/cargo/issues?page=68&q=is%3Aissue+is%3Aclosed
97,https://github.com/rust-lang/cargo/issues?page=69&q=is%3Aissue+is%3Aclosed
98,https://github.com/rust-lang/cargo/issues?page=70&q=is%3Aissue+is%3Aclosed
99,https://github.com/rust-lang/cargo/issues?page=71&q=is%3Aissue+is%3Aclosed
100,https://github.com/rust-lang/cargo/issues?page=72&q=is%3Aissue+is%3Aclosed
101,https://github.com/rust-lang/cargo/issues?page=73&q=is%3Aissue+is%3Aclosed
102,https://github.com/rust-lang/cargo/issues?page=74&q=is%3Aissue+is%3Aclosed
103,https://github.com/rust-lang/cargo/issues?page=75&q=is%3Aissue+is%3Aclosed
104,https://github.com/rust-lang/cargo/issues?page=76&q=is%3Aissue+is%3Aclosed
105,https://github.com/rust-lang/cargo/issues?page=77&q=is%3Aissue+is%3Aclosed
106,https://github.com/rust-lang/cargo/issues?page=78&q=is%3Aissue+is%3Aclosed
107,https://github.com/rust-lang/cargo/issues?page=79&q=is%3Aissue+is%3Aclosed
108,https://github.com/rust-lang/cargo/issues?page=80&q=is%3Aissue+is%3Aclosed
109,https://github.com/rust-lang/cargo/issues?page=81&q=is%3Aissue+is%3Aclosed
110,https://github.com/rust-lang/cargo/issues?page=82&q=is%3Aissue+is%3Aclosed
111,https://github.com/rust-lang/cargo/issues?page=83&q=is%3Aissue+is%3Aclosed
112,https://github.com/rust-lang/cargo/issues?page=84&q=is%3Aissue+is%3Aclosed
113,https://github.com/rust-lang/cargo/issues?page=85&q=is%3Aissue+is%3Aclosed
114,https://github.com/rust-lang/cargo/issues?page=86&q=is%3Aissue+is%3Aclosed
115,https://github.com/rust-lang/cargo/issues?page=87&q=is%3Aissue+is%3Aclosed
116,https://github.com/rust-lang/cargo/issues?page=88&q=is%3Aissue+is%3Aclosed
117,https://github.com/rust-lang/cargo/issues?page=89&q=is%3Aissue+is%3Aclosed
118,https://github.com/rust-lang/cargo/issues?page=90&q=is%3Aissue+is%3Aclosed
119,https://github.com/rust-lang/cargo/issues?page=91&q=is%3Aissue+is%3Aclosed
120,https://github.com/rust-lang/cargo/issues?page=92&q=is%3Aissue+is%3Aclosed
121,https://github.com/rust-lang/cargo/issues?page=93&q=is%3Aissue+is%3Aclosed
122,https://github.com/rust-lang/cargo/issues?page=94&q=is%3Aissue+is%3Aclosed
123,https://github.com/rust-lang/cargo/issues?page=95&q=is%3Aissue+is%3Aclosed
124,https://github.com/rust-lang/cargo/issues?page=96&q=is%3Aissue+is%3Aclosed
125,https://github.com/rust-lang/cargo/issues?page=97&q=is%3Aissue+is%3Aclosed
126,https://github.com/rust-lang/cargo/issues?page=98&q=is%3Aissue+is%3Aclosed
127,https://github.com/rust-lang/cargo/issues?page=99&q=is%3Aissue+is%3Aclosed
128,https://github.com/rust-lang/cargo/issues?page=100&q=is%3Aissue+is%3Aclosed
129,https://github.com/rust-lang/cargo/issues?page=101&q=is%3Aissue+is%3Aclosed
130,https://github.com/rust-lang/cargo/issues?page=102&q=is%3Aissue+is%3Aclosed
131,https://github.com/rust-lang/cargo/issues?page=103&q=is%3Aissue+is%3Aclosed
132,https://github.com/rust-lang/cargo/issues?page=104&q=is%3Aissue+is%3Aclosed
133,https://github.com/rust-lang/cargo/issues?page=105&q=is%3Aissue+is%3Aclosed
134,https://github.com/rust-lang/cargo/issues?page=106&q=is%3Aissue+is%3Aclosed
135,https://github.com/rust-lang/cargo/issues?page=107&q=is%3Aissue+is%3Aclosed
136,https://github.com/rust-lang/cargo/issues?page=108&q=is%3Aissue+is%3Aclosed
137,https://github.com/rust-lang/cargo/pulls?page=1&q=is%3Apr+is%3Aopen
138,https://github.com/rust-lang/cargo/pulls?page=1&q=is%3Apr+is%3Aclosed
139,https://github.com/rust-lang/cargo/pulls?page=2&q=is%3Apr+is%3Aclosed
140,https://github.com/rust-lang/cargo/pulls?page=3&q=is%3Apr+is%3Aclosed
141,https://github.com/rust-lang/cargo/pulls?page=4&q=is%3Apr+is%3Aclosed
142,https://github.com/rust-lang/cargo/pulls?page=5&q=is%3Apr+is%3Aclosed
143,https://github.com/rust-lang/cargo/pulls?page=6&q=is%3Apr+is%3Aclosed
144,https://github.com/rust-lang/cargo/pulls?page=7&q=is%3Apr+is%3Aclosed
145,https://github.com/rust-lang/cargo/pulls?page=8&q=is%3Apr+is%3Aclosed
146,https://github.com/rust-lang/cargo/pulls?page=9&q=is%3Apr+is%3Aclosed
147,https://github.com/rust-lang/cargo/pulls?page=10&q=is%3Apr+is%3Aclosed
148,https://github.com/rust-lang/cargo/pulls?page=11&q=is%3Apr+is%3Aclosed
149,https://github.com/rust-lang/cargo/pulls?page=12&q=is%3Apr+is%3Aclosed
150,https://github.com/rust-lang/cargo/pulls?page=13&q=is%3Apr+is%3Aclosed
151,https://github.com/rust-lang/cargo/pulls?page=14&q=is%3Apr+is%3Aclosed
152,https://github.com/rust-lang/cargo/pulls?page=15&q=is%3Apr+is%3Aclosed
153,https://github.com/rust-lang/cargo/pulls?page=16&q=is%3Apr+is%3Aclosed
154,https://github.com/rust-lang/cargo/pulls?page=17&q=is%3Apr+is%3Aclosed
155,https://github.com/rust-lang/cargo/pulls?page=18&q=is%3Apr+is%3Aclosed
156,https://github.com/rust-lang/cargo/pulls?page=19&q=is%3Apr+is%3Aclosed
157,https://github.com/rust-lang/cargo/pulls?page=20&q=is%3Apr+is%3Aclosed
158,https://github.com/rust-lang/cargo/pulls?page=21&q=is%3Apr+is%3Aclosed
159,https://github.com/rust-lang/cargo/pulls?page=22&q=is%3Apr+is%3Aclosed
160,https://github.com/rust-lang/cargo/pulls?page=23&q=is%3Apr+is%3Aclosed
161,https://github.com/rust-lang/cargo/pulls?page=24&q=is%3Apr+is%3Aclosed
162,https://github.com/rust-lang/cargo/pulls?page=25&q=is%3Apr+is%3Aclosed
163,https://github.com/rust-lang/cargo/pulls?page=26&q=is%3Apr+is%3Aclosed
164,https://github.com/rust-lang/cargo/pulls?page=27&q=is%3Apr+is%3Aclosed
165,https://github.com/rust-lang/cargo/pulls?page=28&q=is%3Apr+is%3Aclosed
166,https://github.com/rust-lang/cargo/pulls?page=29&q=is%3Apr+is%3Aclosed
167,https://github.com/rust-lang/cargo/pulls?page=30&q=is%3Apr+is%3Aclosed
168,https://github.com/rust-lang/cargo/pulls?page=31&q=is%3Apr+is%3Aclosed
169,https://github.com/rust-lang/cargo/pulls?page=32&q=is%3Apr+is%3Aclosed
170,https://github.com/rust-lang/cargo/pulls?page=33&q=is%3Apr+is%3Aclosed
171,https://github.com/rust-lang/cargo/pulls?page=34&q=is%3Apr+is%3Aclosed
172,https://github.com/rust-lang/cargo/pulls?page=35&q=is%3Apr+is%3Aclosed
173,https://github.com/rust-lang/cargo/pulls?page=36&q=is%3Apr+is%3Aclosed
174,https://github.com/rust-lang/cargo/pulls?page=37&q=is%3Apr+is%3Aclosed
175,https://github.com/rust-lang/cargo/pulls?page=38&q=is%3Apr+is%3Aclosed
176,https://github.com/rust-lang/cargo/pulls?page=39&q=is%3Apr+is%3Aclosed
177,https://github.com/rust-lang/cargo/pulls?page=40&q=is%3Apr+is%3Aclosed
178,https://github.com/rust-lang/cargo/pulls?page=41&q=is%3Apr+is%3Aclosed
179,https://github.com/rust-lang/cargo/pulls?page=42&q=is%3Apr+is%3Aclosed
180,https://github.com/rust-lang/cargo/pulls?page=43&q=is%3Apr+is%3Aclosed
181,https://github.com/rust-lang/cargo/pulls?page=44&q=is%3Apr+is%3Aclosed
182,https://github.com/rust-lang/cargo/pulls?page=45&q=is%3Apr+is%3Aclosed
183,https://github.com/rust-lang/cargo/pulls?page=46&q=is%3Apr+is%3Aclosed
184,https://github.com/rust-lang/cargo/pulls?page=47&q=is%3Apr+is%3Aclosed
185,https://github.com/rust-lang/cargo/pulls?page=48&q=is%3Apr+is%3Aclosed
186,https://github.com/rust-lang/cargo/pulls?page=49&q=is%3Apr+is%3Aclosed
187,https://github.com/rust-lang/cargo/pulls?page=50&q=is%3Apr+is%3Aclosed
188,https://github.com/rust-lang/cargo/pulls?page=51&q=is%3Apr+is%3Aclosed
189,https://github.com/rust-lang/cargo/pulls?page=52&q=is%3Apr+is%3Aclosed
190,https://github.com/rust-lang/cargo/pulls?page=53&q=is%3Apr+is%3Aclosed
191,https://github.com/rust-lang/cargo/pulls?page=54&q=is%3Apr+is%3Aclosed
192,https://github.com/rust-lang/cargo/pulls?page=55&q=is%3Apr+is%3Aclosed
193,https://github.com/rust-lang/cargo/pulls?page=56&q=is%3Apr+is%3Aclosed
194,https://github.com/rust-lang/cargo/pulls?page=57&q=is%3Apr+is%3Aclosed
195,https://github.com/rust-lang/cargo/pulls?page=58&q=is%3Apr+is%3Aclosed
196,https://github.com/rust-lang/cargo/pulls?page=59&q=is%3Apr+is%3Aclosed
197,https://github.com/rust-lang/cargo/pulls?page=60&q=is%3Apr+is%3Aclosed
198,https://github.com/rust-lang/cargo/pulls?page=61&q=is%3Apr+is%3Aclosed
199,https://github.com/rust-lang/cargo/pulls?page=62&q=is%3Apr+is%3Aclosed
200,https://github.com/rust-lang/cargo/pulls?page=63&q=is%3Apr+is%3Aclosed
201,https://github.com/rust-lang/cargo/pulls?page=64&q=is%3Apr+is%3Aclosed
202,https://github.com/rust-lang/cargo/pulls?page=65&q=is%3Apr+is%3Aclosed
203,https://github.com/rust-lang/cargo/pulls?page=66&q=is%3Apr+is%3Aclosed
204,https://github.com/rust-lang/cargo/pulls?page=67&q=is%3Apr+is%3Aclosed
205,https://github.com/rust-lang/cargo/pulls?page=68&q=is%3Apr+is%3Aclosed
206,https://github.com/rust-lang/cargo/pulls?page=69&q=is%3Apr+is%3Aclosed
207,https://github.com/rust-lang/cargo/pulls?page=70&q=is%3Apr+is%3Aclosed
208,https://github.com/rust-lang/cargo/pulls?page=71&q=is%3Apr+is%3Aclosed
209,https://github.com/rust-lang/cargo/pulls?page=72&q=is%3Apr+is%3Aclosed
210,https://github.com/rust-lang/cargo/pulls?page=73&q=is%3Apr+is%3Aclosed
211,https://github.com/rust-lang/cargo/pulls?page=74&q=is%3Apr+is%3Aclosed
212,https://github.com/rust-lang/cargo/pulls?page=75&q=is%3Apr+is%3Aclosed
213,https://github.com/rust-lang/cargo/pulls?page=76&q=is%3Apr+is%3Aclosed
214,https://github.com/rust-lang/cargo/pulls?page=77&q=is%3Apr+is%3Aclosed
215,https://github.com/rust-lang/cargo/pulls?page=78&q=is%3Apr+is%3Aclosed
216,https://github.com/rust-lang/cargo/pulls?page=79&q=is%3Apr+is%3Aclosed
217,https://github.com/rust-lang/cargo/pulls?page=80&q=is%3Apr+is%3Aclosed
218,https://github.com/rust-lang/cargo/pulls?page=81&q=is%3Apr+is%3Aclosed
219,https://github.com/rust-lang/cargo/pulls?page=82&q=is%3Apr+is%3Aclosed
220,https://github.com/rust-lang/cargo/pulls?page=83&q=is%3Apr+is%3Aclosed
221,https://github.com/rust-lang/cargo/pulls?page=84&q=is%3Apr+is%3Aclosed
222,https://github.com/rust-lang/cargo/pulls?page=85&q=is%3Apr+is%3Aclosed
223,https://github.com/rust-lang/cargo/pulls?page=86&q=is%3Apr+is%3Aclosed
224,https://github.com/rust-lang/cargo/pulls?page=87&q=is%3Apr+is%3Aclosed
225,https://github.com/rust-lang/cargo/pulls?page=88&q=is%3Apr+is%3Aclosed
226,https://github.com/rust-lang/cargo/pulls?page=89&q=is%3Apr+is%3Aclosed
227,https://github.com/rust-lang/cargo/pulls?page=90&q=is%3Apr+is%3Aclosed
228,https://github.com/rust-lang/cargo/pulls?page=91&q=is%3Apr+is%3Aclosed
229,https://github.com/rust-lang/cargo/pulls?page=92&q=is%3Apr+is%3Aclosed
230,https://github.com/rust-lang/cargo/pulls?page=93&q=is%3Apr+is%3Aclosed
231,https://github.com/rust-lang/cargo/pulls?page=94&q=is%3Apr+is%3Aclosed
232,https://github.com/rust-lang/cargo/pulls?page=95&q=is%3Apr+is%3Aclosed
233,https://github.com/rust-lang/cargo/pulls?page=96&q=is%3Apr+is%3Aclosed
234,https://github.com/rust-lang/cargo/pulls?page=97&q=is%3Apr+is%3Aclosed
235,https://github.com/rust-lang/cargo/pulls?page=98&q=is%3Apr+is%3Aclosed
236,https://github.com/rust-lang/cargo/pulls?page=99&q=is%3Apr+is%3Aclosed
237,https://github.com/rust-lang/cargo/pulls?page=100&q=is%3Apr+is%3Aclosed
238,https://github.com/rust-lang/cargo/pulls?page=101&q=is%3Apr+is%3Aclosed
239,https://github.com/rust-lang/cargo/pulls?page=102&q=is%3Apr+is%3Aclosed
240,https://github.com/rust-lang/cargo/pulls?page=103&q=is%3Apr+is%3Aclosed
241,https://github.com/rust-lang/cargo/pulls?page=104&q=is%3Apr+is%3Aclosed
242,https://github.com/rust-lang/cargo/pulls?page=105&q=is%3Apr+is%3Aclosed
243,https://github.com/rust-lang/cargo/pulls?page=106&q=is%3Apr+is%3Aclosed
244,https://github.com/rust-lang/cargo/pulls?page=107&q=is%3Apr+is%3Aclosed
245,https://github.com/rust-lang/cargo/pulls?page=108&q=is%3Apr+is%3Aclosed
246,https://github.com/rust-lang/cargo/pulls?page=109&q=is%3Apr+is%3Aclosed
247,https://github.com/rust-lang/cargo/pulls?page=110&q=is%3Apr+is%3Aclosed
248,https://github.com/rust-lang/cargo/pulls?page=111&q=is%3Apr+is%3Aclosed
249,https://github.com/rust-lang/cargo/pulls?page=112&q=is%3Apr+is%3Aclosed
250,https://github.com/rust-lang/cargo/pulls?page=113&q=is%3Apr+is%3Aclosed
251,https://github.com/rust-lang/cargo/pulls?page=114&q=is%3Apr+is%3Aclosed
252,https://github.com/rust-lang-nursery/rustfmt/issues?page=1&q=is%3Aissue+is%3Aopen
253,https://github.com/rust-lang-nursery/rustfmt/issues?page=2&q=is%3Aissue+is%3Aopen
254,https://github.com/rust-lang-nursery/rustfmt/issues?page=3&q=is%3Aissue+is%3Aopen
255,https://github.com/rust-lang-nursery/rustfmt/issues?page=4&q=is%3Aissue+is%3Aopen
256,https://github.com/rust-lang-nursery/rustfmt/issues?page=5&q=is%3Aissue+is%3Aopen
257,https://github.com/rust-lang-nursery/rustfmt/issues?page=6&q=is%3Aissue+is%3Aopen
258,https://github.com/rust-lang-nursery/rustfmt/issues?page=7&q=is%3Aissue+is%3Aopen
259,https://github.com/rust-lang-nursery/rustfmt/issues?page=1&q=is%3Aissue+is%3Aclosed
260,https://github.com/rust-lang-nursery/rustfmt/issues?page=2&q=is%3Aissue+is%3Aclosed
261,https://github.com/rust-lang-nursery/rustfmt/issues?page=3&q=is%3Aissue+is%3Aclosed
262,https://github.com/rust-lang-nursery/rustfmt/issues?page=4&q=is%3Aissue+is%3Aclosed
263,https://github.com/rust-lang-nursery/rustfmt/issues?page=5&q=is%3Aissue+is%3Aclosed
264,https://github.com/rust-lang-nursery/rustfmt/issues?page=6&q=is%3Aissue+is%3Aclosed
265,https://github.com/rust-lang-nursery/rustfmt/issues?page=7&q=is%3Aissue+is%3Aclosed
266,https://github.com/rust-lang-nursery/rustfmt/issues?page=8&q=is%3Aissue+is%3Aclosed
267,https://github.com/rust-lang-nursery/rustfmt/issues?page=9&q=is%3Aissue+is%3Aclosed
268,https://github.com/rust-lang-nursery/rustfmt/issues?page=10&q=is%3Aissue+is%3Aclosed
269,https://github.com/rust-lang-nursery/rustfmt/issues?page=11&q=is%3Aissue+is%3Aclosed
270,https://github.com/rust-lang-nursery/rustfmt/issues?page=12&q=is%3Aissue+is%3Aclosed
271,https://github.com/rust-lang-nursery/rustfmt/issues?page=13&q=is%3Aissue+is%3Aclosed
272,https://github.com/rust-lang-nursery/rustfmt/issues?page=14&q=is%3Aissue+is%3Aclosed
273,https://github.com/rust-lang-nursery/rustfmt/issues?page=15&q=is%3Aissue+is%3Aclosed
274,https://github.com/rust-lang-nursery/rustfmt/issues?page=16&q=is%3Aissue+is%3Aclosed
275,https://github.com/rust-lang-nursery/rustfmt/issues?page=17&q=is%3Aissue+is%3Aclosed
276,https://github.com/rust-lang-nursery/rustfmt/issues?page=18&q=is%3Aissue+is%3Aclosed
277,https://github.com/rust-lang-nursery/rustfmt/issues?page=19&q=is%3Aissue+is%3Aclosed
278,https://github.com/rust-lang-nursery/rustfmt/issues?page=20&q=is%3Aissue+is%3Aclosed
279,https://github.com/rust-lang-nursery/rustfmt/issues?page=21&q=is%3Aissue+is%3Aclosed
280,https://github.com/rust-lang-nursery/rustfmt/issues?page=22&q=is%3Aissue+is%3Aclosed
281,https://github.com/rust-lang-nursery/rustfmt/issues?page=23&q=is%3Aissue+is%3Aclosed
282,https://github.com/rust-lang-nursery/rustfmt/issues?page=24&q=is%3Aissue+is%3Aclosed
283,https://github.com/rust-lang-nursery/rustfmt/issues?page=25&q=is%3Aissue+is%3Aclosed
284,https://github.com/rust-lang-nursery/rustfmt/issues?page=26&q=is%3Aissue+is%3Aclosed
285,https://github.com/rust-lang-nursery/rustfmt/issues?page=27&q=is%3Aissue+is%3Aclosed
286,https://github.com/rust-lang-nursery/rustfmt/issues?page=28&q=is%3Aissue+is%3Aclosed
287,https://github.com/rust-lang-nursery/rustfmt/issues?page=29&q=is%3Aissue+is%3Aclosed
288,https://github.com/rust-lang-nursery/rustfmt/issues?page=30&q=is%3Aissue+is%3Aclosed
289,https://github.com/rust-lang-nursery/rustfmt/issues?page=31&q=is%3Aissue+is%3Aclosed
290,https://github.com/rust-lang-nursery/rustfmt/issues?page=32&q=is%3Aissue+is%3Aclosed
291,https://github.com/rust-lang-nursery/rustfmt/issues?page=33&q=is%3Aissue+is%3Aclosed
292,https://github.com/rust-lang-nursery/rustfmt/issues?page=34&q=is%3Aissue+is%3Aclosed
293,https://github.com/rust-lang-nursery/rustfmt/issues?page=35&q=is%3Aissue+is%3Aclosed
294,https://github.com/rust-lang-nursery/rustfmt/issues?page=36&q=is%3Aissue+is%3Aclosed
295,https://github.com/rust-lang-nursery/rustfmt/issues?page=37&q=is%3Aissue+is%3Aclosed
296,https://github.com/rust-lang-nursery/rustfmt/issues?page=38&q=is%3Aissue+is%3Aclosed
297,https://github.com/rust-lang-nursery/rustfmt/issues?page=39&q=is%3Aissue+is%3Aclosed
298,https://github.com/rust-lang-nursery/rustfmt/issues?page=40&q=is%3Aissue+is%3Aclosed
299,https://github.com/rust-lang-nursery/rustfmt/issues?page=41&q=is%3Aissue+is%3Aclosed
300,https://github.com/rust-lang-nursery/rustfmt/issues?page=42&q=is%3Aissue+is%3Aclosed
301,https://github.com/rust-lang-nursery/rustfmt/issues?page=43&q=is%3Aissue+is%3Aclosed
302,https://github.com/rust-lang-nursery/rustfmt/issues?page=44&q=is%3Aissue+is%3Aclosed
303,https://github.com/rust-lang-nursery/rustfmt/issues?page=45&q=is%3Aissue+is%3Aclosed
304,https://github.com/rust-lang-nursery/rustfmt/issues?page=46&q=is%3Aissue+is%3Aclosed
305,https://github.com/rust-lang-nursery/rustfmt/issues?page=47&q=is%3Aissue+is%3Aclosed
306,https://github.com/rust-lang-nursery/rustfmt/issues?page=48&q=is%3Aissue+is%3Aclosed
307,https://github.com/rust-lang-nursery/rustfmt/issues?page=49&q=is%3Aissue+is%3Aclosed
308,https://github.com/rust-lang-nursery/rustfmt/issues?page=50&q=is%3Aissue+is%3Aclosed
309,https://github.com/rust-lang-nursery/rustfmt/issues?page=51&q=is%3Aissue+is%3Aclosed
310,https://github.com/rust-lang-nursery/rustfmt/issues?page=52&q=is%3Aissue+is%3Aclosed
311,https://github.com/rust-lang-nursery/rustfmt/issues?page=53&q=is%3Aissue+is%3Aclosed
312,https://github.com/rust-lang-nursery/rustfmt/issues?page=54&q=is%3Aissue+is%3Aclosed
313,https://github.com/rust-lang-nursery/rustfmt/issues?page=55&q=is%3Aissue+is%3Aclosed
314,https://github.com/rust-lang-nursery/rustfmt/issues?page=56&q=is%3Aissue+is%3Aclosed
315,https://github.com/rust-lang-nursery/rustfmt/issues?page=57&q=is%3Aissue+is%3Aclosed
316,https://github.com/rust-lang-nursery/rustfmt/issues?page=58&q=is%3Aissue+is%3Aclosed
317,https://github.com/rust-lang-nursery/rustfmt/issues?page=59&q=is%3Aissue+is%3Aclosed
318,https://github.com/rust-lang-nursery/rustfmt/issues?page=60&q=is%3Aissue+is%3Aclosed
319,https://github.com/rust-lang-nursery/rustfmt/issues?page=61&q=is%3Aissue+is%3Aclosed
320,https://github.com/rust-lang-nursery/rustfmt/issues?page=62&q=is%3Aissue+is%3Aclosed
321,https://github.com/rust-lang-nursery/rustfmt/issues?page=63&q=is%3Aissue+is%3Aclosed
322,https://github.com/rust-lang-nursery/rustfmt/issues?page=64&q=is%3Aissue+is%3Aclosed
323,https://github.com/rust-lang-nursery/rustfmt/issues?page=65&q=is%3Aissue+is%3Aclosed
324,https://github.com/rust-lang-nursery/rustfmt/issues?page=66&q=is%3Aissue+is%3Aclosed
325,https://github.com/rust-lang-nursery/rustfmt/pulls?page=1&q=is%3Apr+is%3Aopen
326,https://github.com/rust-lang-nursery/rustfmt/pulls?page=1&q=is%3Apr+is%3Aclosed
327,https://github.com/rust-lang-nursery/rustfmt/pulls?page=2&q=is%3Apr+is%3Aclosed
328,https://github.com/rust-lang-nursery/rustfmt/pulls?page=3&q=is%3Apr+is%3Aclosed
329,https://github.com/rust-lang-nursery/rustfmt/pulls?page=4&q=is%3Apr+is%3Aclosed
330,https://github.com/rust-lang-nursery/rustfmt/pulls?page=5&q=is%3Apr+is%3Aclosed
331,https://github.com/rust-lang-nursery/rustfmt/pulls?page=6&q=is%3Apr+is%3Aclosed
332,https://github.com/rust-lang-nursery/rustfmt/pulls?page=7&q=is%3Apr+is%3Aclosed
333,https://github.com/rust-lang-nursery/rustfmt/pulls?page=8&q=is%3Apr+is%3Aclosed
334,https://github.com/rust-lang-nursery/rustfmt/pulls?page=9&q=is%3Apr+is%3Aclosed
335,https://github.com/rust-lang-nursery/rustfmt/pulls?page=10&q=is%3Apr+is%3Aclosed
336,https://github.com/rust-lang-nursery/rustfmt/pulls?page=11&q=is%3Apr+is%3Aclosed
337,https://github.com/rust-lang-nursery/rustfmt/pulls?page=12&q=is%3Apr+is%3Aclosed
338,https://github.com/rust-lang-nursery/rustfmt/pulls?page=13&q=is%3Apr+is%3Aclosed
339,https://github.com/rust-lang-nursery/rustfmt/pulls?page=14&q=is%3Apr+is%3Aclosed
340,https://github.com/rust-lang-nursery/rustfmt/pulls?page=15&q=is%3Apr+is%3Aclosed
341,https://github.com/rust-lang-nursery/rustfmt/pulls?page=16&q=is%3Apr+is%3Aclosed
342,https://github.com/rust-lang-nursery/rustfmt/pulls?page=17&q=is%3Apr+is%3Aclosed
343,https://github.com/rust-lang-nursery/rustfmt/pulls?page=18&q=is%3Apr+is%3Aclosed
344,https://github.com/rust-lang-nursery/rustfmt/pulls?page=19&q=is%3Apr+is%3Aclosed
345,https://github.com/rust-lang-nursery/rustfmt/pulls?page=20&q=is%3Apr+is%3Aclosed
346,https://github.com/rust-lang-nursery/rustfmt/pulls?page=21&q=is%3Apr+is%3Aclosed
347,https://github.com/rust-lang-nursery/rustfmt/pulls?page=22&q=is%3Apr+is%3Aclosed
348,https://github.com/rust-lang-nursery/rustfmt/pulls?page=23&q=is%3Apr+is%3Aclosed
349,https://github.com/rust-lang-nursery/rustfmt/pulls?page=24&q=is%3Apr+is%3Aclosed
350,https://github.com/rust-lang-nursery/rustfmt/pulls?page=25&q=is%3Apr+is%3Aclosed
351,https://github.com/rust-lang-nursery/rustfmt/pulls?page=26&q=is%3Apr+is%3Aclosed
352,https://github.com/rust-lang-nursery/rustfmt/pulls?page=27&q=is%3Apr+is%3Aclosed
353,https://github.com/rust-lang-nursery/rustfmt/pulls?page=28&q=is%3Apr+is%3Aclosed
354,https://github.com/rust-lang-nursery/rustfmt/pulls?page=29&q=is%3Apr+is%3Aclosed
355,https://github.com/rust-lang-nursery/rustfmt/pulls?page=30&q=is%3Apr+is%3Aclosed
356,https://github.com/rust-lang-nursery/rustfmt/pulls?page=31&q=is%3Apr+is%3Aclosed
357,https://github.com/rust-lang-nursery/rustfmt/pulls?page=32&q=is%3Apr+is%3Aclosed
358,https://github.com/rust-lang-nursery/rustfmt/pulls?page=33&q=is%3Apr+is%3Aclosed
359,https://github.com/rust-lang-nursery/rustfmt/pulls?page=34&q=is%3Apr+is%3Aclosed
360,https://github.com/rust-lang-nursery/rustfmt/pulls?page=35&q=is%3Apr+is%3Aclosed
361,https://github.com/rust-lang-nursery/rustfmt/pulls?page=36&q=is%3Apr+is%3Aclosed
362,https://github.com/rust-lang-nursery/rustfmt/pulls?page=37&q=is%3Apr+is%3Aclosed
363,https://github.com/rust-lang-nursery/rustfmt/pulls?page=38&q=is%3Apr+is%3Aclosed
364,https://github.com/rust-lang-nursery/rustfmt/pulls?page=39&q=is%3Apr+is%3Aclosed
365,https://github.com/rust-lang-nursery/rustfmt/pulls?page=40&q=is%3Apr+is%3Aclosed
366,https://github.com/rust-lang-nursery/rustfmt/pulls?page=41&q=is%3Apr+is%3Aclosed
367,https://github.com/rust-lang-nursery/rustfmt/pulls?page=42&q=is%3Apr+is%3Aclosed
368,https://github.com/rust-lang-nursery/rustfmt/pulls?page=43&q=is%3Apr+is%3Aclosed
369,https://github.com/rust-lang-nursery/rustfmt/pulls?page=44&q=is%3Apr+is%3Aclosed
370,https://github.com/rust-lang-nursery/rustfmt/pulls?page=45&q=is%3Apr+is%3Aclosed
371,https://github.com/rust-lang-nursery/rustfmt/pulls?page=46&q=is%3Apr+is%3Aclosed
372,https://github.com/rust-lang-nursery/rustfmt/pulls?page=47&q=is%3Apr+is%3Aclosed
373,https://github.com/rust-lang-nursery/rustfmt/pulls?page=48&q=is%3Apr+is%3Aclosed
374,https://github.com/rust-lang-nursery/rustfmt/pulls?page=49&q=is%3Apr+is%3Aclosed
375,https://github.com/rust-lang-nursery/rustfmt/pulls?page=50&q=is%3Apr+is%3Aclosed
376,https://github.com/rust-lang-nursery/rustfmt/pulls?page=51&q=is%3Apr+is%3Aclosed
377,https://github.com/rust-lang-nursery/rustfmt/pulls?page=52&q=is%3Apr+is%3Aclosed
378,https://github.com/rust-lang-nursery/rustfmt/pulls?page=53&q=is%3Apr+is%3Aclosed
379,https://github.com/rust-lang-nursery/rustfmt/pulls?page=54&q=is%3Apr+is%3Aclosed
380,https://github.com/rust-lang-nursery/mdBook/issues?page=1&q=is%3Aissue+is%3Aopen
381,https://github.com/rust-lang-nursery/mdBook/issues?page=2&q=is%3Aissue+is%3Aopen
382,https://github.com/rust-lang-nursery/mdBook/issues?page=3&q=is%3Aissue+is%3Aopen
383,https://github.com/rust-lang-nursery/mdBook/issues?page=4&q=is%3Aissue+is%3Aopen
384,https://github.com/rust-lang-nursery/mdBook/issues?page=5&q=is%3Aissue+is%3Aopen
385,https://github.com/rust-lang-nursery/mdBook/issues?page=6&q=is%3Aissue+is%3Aopen
386,https://github.com/rust-lang-nursery/mdBook/issues?page=1&q=is%3Aissue+is%3Aclosed
387,https://github.com/rust-lang-nursery/mdBook/issues?page=2&q=is%3Aissue+is%3Aclosed
388,https://github.com/rust-lang-nursery/mdBook/issues?page=3&q=is%3Aissue+is%3Aclosed
389,https://github.com/rust-lang-nursery/mdBook/issues?page=4&q=is%3Aissue+is%3Aclosed
390,https://github.com/rust-lang-nursery/mdBook/issues?page=5&q=is%3Aissue+is%3Aclosed
391,https://github.com/rust-lang-nursery/mdBook/issues?page=6&q=is%3Aissue+is%3Aclosed
392,https://github.com/rust-lang-nursery/mdBook/issues?page=7&q=is%3Aissue+is%3Aclosed
393,https://github.com/rust-lang-nursery/mdBook/issues?page=8&q=is%3Aissue+is%3Aclosed
394,https://github.com/rust-lang-nursery/mdBook/issues?page=9&q=is%3Aissue+is%3Aclosed
395,https://github.com/rust-lang-nursery/mdBook/issues?page=10&q=is%3Aissue+is%3Aclosed
396,https://github.com/rust-lang-nursery/mdBook/issues?page=11&q=is%3Aissue+is%3Aclosed
397,https://github.com/rust-lang-nursery/mdBook/issues?page=12&q=is%3Aissue+is%3Aclosed
398,https://github.com/rust-lang-nursery/mdBook/pulls?page=1&q=is%3Apr+is%3Aopen
399,https://github.com/rust-lang-nursery/mdBook/pulls?page=1&q=is%3Apr+is%3Aclosed
400,https://github.com/rust-lang-nursery/mdBook/pulls?page=2&q=is%3Apr+is%3Aclosed
401,https://github.com/rust-lang-nursery/mdBook/pulls?page=3&q=is%3Apr+is%3Aclosed
402,https://github.com/rust-lang-nursery/mdBook/pulls?page=4&q=is%3Apr+is%3Aclosed
403,https://github.com/rust-lang-nursery/mdBook/pulls?page=5&q=is%3Apr+is%3Aclosed
404,https://github.com/rust-lang-nursery/mdBook/pulls?page=6&q=is%3Apr+is%3Aclosed
405,https://github.com/rust-lang-nursery/mdBook/pulls?page=7&q=is%3Apr+is%3Aclosed
406,https://github.com/rust-lang-nursery/mdBook/pulls?page=8&q=is%3Apr+is%3Aclosed
407,https://github.com/rust-lang-nursery/mdBook/pulls?page=9&q=is%3Apr+is%3Aclosed
408,https://github.com/rust-lang-nursery/mdBook/pulls?page=10&q=is%3Apr+is%3Aclosed
409,https://github.com/rust-lang-nursery/mdBook/pulls?page=11&q=is%3Apr+is%3Aclosed
410,https://github.com/rust-lang-nursery/mdBook/pulls?page=12&q=is%3Apr+is%3Aclosed
411,https://github.com/rust-lang-nursery/mdBook/pulls?page=13&q=is%3Apr+is%3Aclosed
412,https://github.com/rust-lang-nursery/mdBook/pulls?page=14&q=is%3Apr+is%3Aclosed
413,https://github.com/rust-lang-nursery/mdBook/pulls?page=15&q=is%3Apr+is%3Aclosed
414,https://github.com/bluejekyll/trust-dns/issues?page=1&q=is%3Aissue+is%3Aopen
415,https://github.com/bluejekyll/trust-dns/issues?page=2&q=is%3Aissue+is%3Aopen
416,https://github.com/bluejekyll/trust-dns/issues?page=3&q=is%3Aissue+is%3Aopen
417,https://github.com/bluejekyll/trust-dns/issues?page=4&q=is%3Aissue+is%3Aopen
418,https://github.com/bluejekyll/trust-dns/issues?page=1&q=is%3Aissue+is%3Aclosed
419,https://github.com/bluejekyll/trust-dns/issues?page=2&q=is%3Aissue+is%3Aclosed
420,https://github.com/bluejekyll/trust-dns/issues?page=3&q=is%3Aissue+is%3Aclosed
421,https://github.com/bluejekyll/trust-dns/issues?page=4&q=is%3Aissue+is%3Aclosed
422,https://github.com/bluejekyll/trust-dns/issues?page=5&q=is%3Aissue+is%3Aclosed
423,https://github.com/bluejekyll/trust-dns/issues?page=6&q=is%3Aissue+is%3Aclosed
424,https://github.com/bluejekyll/trust-dns/issues?page=7&q=is%3Aissue+is%3Aclosed
425,https://github.com/bluejekyll/trust-dns/pulls?page=1&q=is%3Apr+is%3Aopen
426,https://github.com/bluejekyll/trust-dns/pulls?page=1&q=is%3Apr+is%3Aclosed
427,https://github.com/bluejekyll/trust-dns/pulls?page=2&q=is%3Apr+is%3Aclosed
428,https://github.com/bluejekyll/trust-dns/pulls?page=3&q=is%3Apr+is%3Aclosed
429,https://github.com/bluejekyll/trust-dns/pulls?page=4&q=is%3Apr+is%3Aclosed
430,https://github.com/bluejekyll/trust-dns/pulls?page=5&q=is%3Apr+is%3Aclosed
431,https://github.com/bluejekyll/trust-dns/pulls?page=6&q=is%3Apr+is%3Aclosed
432,https://github.com/bluejekyll/trust-dns/pulls?page=7&q=is%3Apr+is%3Aclosed
433,https://github.com/bluejekyll/trust-dns/pulls?page=8&q=is%3Apr+is%3Aclosed
434,https://github.com/bluejekyll/trust-dns/pulls?page=9&q=is%3Apr+is%3Aclosed
435,https://github.com/bluejekyll/trust-dns/pulls?page=10&q=is%3Apr+is%3Aclosed
436,https://github.com/bluejekyll/trust-dns/pulls?page=11&q=is%3Apr+is%3Aclosed
437,https://github.com/bluejekyll/trust-dns/pulls?page=12&q=is%3Apr+is%3Aclosed
438,https://github.com/bluejekyll/trust-dns/pulls?page=13&q=is%3Apr+is%3Aclosed
439,https://github.com/bluejekyll/trust-dns/pulls?page=14&q=is%3Apr+is%3Aclosed
440,https://github.com/cobalt-org/cobalt.rs/issues?page=1&q=is%3Aissue+is%3Aopen
441,https://github.com/cobalt-org/cobalt.rs/issues?page=2&q=is%3Aissue+is%3Aopen
442,https://github.com/cobalt-org/cobalt.rs/issues?page=3&q=is%3Aissue+is%3Aopen
443,https://github.com/cobalt-org/cobalt.rs/issues?page=1&q=is%3Aissue+is%3Aclosed
444,https://github.com/cobalt-org/cobalt.rs/issues?page=2&q=is%3Aissue+is%3Aclosed
445,https://github.com/cobalt-org/cobalt.rs/issues?page=3&q=is%3Aissue+is%3Aclosed
446,https://github.com/cobalt-org/cobalt.rs/issues?page=4&q=is%3Aissue+is%3Aclosed
447,https://github.com/cobalt-org/cobalt.rs/issues?page=5&q=is%3Aissue+is%3Aclosed
448,https://github.com/cobalt-org/cobalt.rs/issues?page=6&q=is%3Aissue+is%3Aclosed
449,https://github.com/cobalt-org/cobalt.rs/issues?page=7&q=is%3Aissue+is%3Aclosed
450,https://github.com/cobalt-org/cobalt.rs/pulls?page=1&q=is%3Apr+is%3Aopen
451,https://github.com/cobalt-org/cobalt.rs/pulls?page=1&q=is%3Apr+is%3Aclosed
452,https://github.com/cobalt-org/cobalt.rs/pulls?page=2&q=is%3Apr+is%3Aclosed
453,https://github.com/cobalt-org/cobalt.rs/pulls?page=3&q=is%3Apr+is%3Aclosed
454,https://github.com/cobalt-org/cobalt.rs/pulls?page=4&q=is%3Apr+is%3Aclosed
455,https://github.com/cobalt-org/cobalt.rs/pulls?page=5&q=is%3Apr+is%3Aclosed
456,https://github.com/cobalt-org/cobalt.rs/pulls?page=6&q=is%3Apr+is%3Aclosed
457,https://github.com/cobalt-org/cobalt.rs/pulls?page=7&q=is%3Apr+is%3Aclosed
458,https://github.com/cobalt-org/cobalt.rs/pulls?page=8&q=is%3Apr+is%3Aclosed
459,https://github.com/cobalt-org/cobalt.rs/pulls?page=9&q=is%3Apr+is%3Aclosed
460,https://github.com/cobalt-org/cobalt.rs/pulls?page=10&q=is%3Apr+is%3Aclosed
461,https://github.com/cobalt-org/cobalt.rs/pulls?page=11&q=is%3Apr+is%3Aclosed
462,https://github.com/cobalt-org/cobalt.rs/pulls?page=12&q=is%3Apr+is%3Aclosed
463,https://github.com/cobalt-org/cobalt.rs/pulls?page=13&q=is%3Apr+is%3Aclosed
464,https://github.com/cobalt-org/cobalt.rs/pulls?page=14&q=is%3Apr+is%3Aclosed
465,https://github.com/postmates/cernan/issues?page=1&q=is%3Aissue+is%3Aopen
466,https://github.com/postmates/cernan/issues?page=1&q=is%3Aissue+is%3Aclosed
467,https://github.com/postmates/cernan/issues?page=2&q=is%3Aissue+is%3Aclosed
468,https://github.com/postmates/cernan/issues?page=3&q=is%3Aissue+is%3Aclosed
469,https://github.com/postmates/cernan/issues?page=4&q=is%3Aissue+is%3Aclosed
470,https://github.com/postmates/cernan/issues?page=5&q=is%3Aissue+is%3Aclosed
471,https://github.com/postmates/cernan/issues?page=6&q=is%3Aissue+is%3Aclosed
472,https://github.com/postmates/cernan/pulls?page=1&q=is%3Apr+is%3Aopen
473,https://github.com/postmates/cernan/pulls?page=1&q=is%3Apr+is%3Aclosed
474,https://github.com/postmates/cernan/pulls?page=2&q=is%3Apr+is%3Aclosed
475,https://github.com/postmates/cernan/pulls?page=3&q=is%3Apr+is%3Aclosed
476,https://github.com/postmates/cernan/pulls?page=4&q=is%3Apr+is%3Aclosed
477,https://github.com/postmates/cernan/pulls?page=5&q=is%3Apr+is%3Aclosed
478,https://github.com/postmates/cernan/pulls?page=6&q=is%3Apr+is%3Aclosed
479,https://github.com/postmates/cernan/pulls?page=7&q=is%3Apr+is%3Aclosed
480,https://github.com/postmates/cernan/pulls?page=8&q=is%3Apr+is%3Aclosed
481,https://github.com/postmates/cernan/pulls?page=9&q=is%3Apr+is%3Aclosed
482,https://github.com/postmates/cernan/pulls?page=10&q=is%3Apr+is%3Aclosed
483,https://github.com/postmates/cernan/pulls?page=11&q=is%3Apr+is%3Aclosed
484,https://github.com/postmates/cernan/pulls?page=12&q=is%3Apr+is%3Aclosed
485,https://github.com/actix/actix-web/issues?page=1&q=is%3Aissue+is%3Aopen
486,https://github.com/actix/actix-web/issues?page=2&q=is%3Aissue+is%3Aopen
487,https://github.com/actix/actix-web/issues?page=1&q=is%3Aissue+is%3Aclosed
488,https://github.com/actix/actix-web/issues?page=2&q=is%3Aissue+is%3Aclosed
489,https://github.com/actix/actix-web/issues?page=3&q=is%3Aissue+is%3Aclosed
490,https://github.com/actix/actix-web/issues?page=4&q=is%3Aissue+is%3Aclosed
491,https://github.com/actix/actix-web/issues?page=5&q=is%3Aissue+is%3Aclosed
492,https://github.com/actix/actix-web/issues?page=6&q=is%3Aissue+is%3Aclosed
493,https://github.com/actix/actix-web/issues?page=7&q=is%3Aissue+is%3Aclosed
494,https://github.com/actix/actix-web/issues?page=8&q=is%3Aissue+is%3Aclosed
495,https://github.com/actix/actix-web/issues?page=9&q=is%3Aissue+is%3Aclosed
496,https://github.com/actix/actix-web/issues?page=10&q=is%3Aissue+is%3Aclosed
497,https://github.com/actix/actix-web/issues?page=11&q=is%3Aissue+is%3Aclosed
498,https://github.com/actix/actix-web/issues?page=12&q=is%3Aissue+is%3Aclosed
499,https://github.com/actix/actix-web/issues?page=13&q=is%3Aissue+is%3Aclosed
500,https://github.com/actix/actix-web/pulls?page=1&q=is%3Apr+is%3Aopen
501,https://github.com/actix/actix-web/pulls?page=1&q=is%3Apr+is%3Aclosed
502,https://github.com/actix/actix-web/pulls?page=2&q=is%3Apr+is%3Aclosed
503,https://github.com/actix/actix-web/pulls?page=3&q=is%3Apr+is%3Aclosed
504,https://github.com/actix/actix-web/pulls?page=4&q=is%3Apr+is%3Aclosed
505,https://github.com/actix/actix-web/pulls?page=5&q=is%3Apr+is%3Aclosed
506,https://github.com/actix/actix-web/pulls?page=6&q=is%3Apr+is%3Aclosed
507,https://github.com/actix/actix-web/pulls?page=7&q=is%3Apr+is%3Aclosed
508,https://github.com/actix/actix-web/pulls?page=8&q=is%3Apr+is%3Aclosed
509,https://github.com/ethereumproject/emerald-rs/issues?page=1&q=is%3Aissue+is%3Aopen
510,https://github.com/ethereumproject/emerald-rs/issues?page=1&q=is%3Aissue+is%3Aclosed
511,https://github.com/ethereumproject/emerald-rs/issues?page=2&q=is%3Aissue+is%3Aclosed
512,https://github.com/ethereumproject/emerald-rs/issues?page=3&q=is%3Aissue+is%3Aclosed
513,https://github.com/ethereumproject/emerald-rs/issues?page=4&q=is%3Aissue+is%3Aclosed
514,https://github.com/ethereumproject/emerald-rs/pulls?page=1&q=is%3Apr+is%3Aopen
515,https://github.com/ethereumproject/emerald-rs/pulls?page=1&q=is%3Apr+is%3Aclosed
516,https://github.com/ethereumproject/emerald-rs/pulls?page=2&q=is%3Apr+is%3Aclosed
517,https://github.com/ethereumproject/emerald-rs/pulls?page=3&q=is%3Apr+is%3Aclosed
518,https://github.com/ethereumproject/emerald-rs/pulls?page=4&q=is%3Apr+is%3Aclosed
519,https://github.com/ethereumproject/emerald-rs/pulls?page=5&q=is%3Apr+is%3Aclosed
520,https://github.com/ethereumproject/emerald-rs/pulls?page=6&q=is%3Apr+is%3Aclosed
521,https://github.com/ethereumproject/emerald-rs/pulls?page=7&q=is%3Apr+is%3Aclosed
522,https://github.com/ethereumproject/emerald-rs/pulls?page=8&q=is%3Apr+is%3Aclosed
523,https://github.com/spacejam/rsdb/issues?page=1&q=is%3Aissue+is%3Aopen
524,https://github.com/spacejam/rsdb/issues?page=2&q=is%3Aissue+is%3Aopen
525,https://github.com/spacejam/rsdb/issues?page=3&q=is%3Aissue+is%3Aopen
526,https://github.com/spacejam/rsdb/issues?page=1&q=is%3Aissue+is%3Aclosed
527,https://github.com/spacejam/rsdb/issues?page=2&q=is%3Aissue+is%3Aclosed
528,https://github.com/spacejam/rsdb/issues?page=3&q=is%3Aissue+is%3Aclosed
529,https://github.com/spacejam/rsdb/issues?page=4&q=is%3Aissue+is%3Aclosed
530,https://github.com/spacejam/rsdb/issues?page=5&q=is%3Aissue+is%3Aclosed
531,https://github.com/spacejam/rsdb/issues?page=6&q=is%3Aissue+is%3Aclosed
532,https://github.com/spacejam/rsdb/pulls?page=1&q=is%3Apr+is%3Aopen
533,https://github.com/spacejam/rsdb/pulls?page=1&q=is%3Apr+is%3Aclosed
534,https://github.com/spacejam/rsdb/pulls?page=2&q=is%3Apr+is%3Aclosed
535,https://github.com/spacejam/rsdb/pulls?page=3&q=is%3Apr+is%3Aclosed
536,https://github.com/spacejam/rsdb/pulls?page=4&q=is%3Apr+is%3Aclosed
537,https://github.com/spacejam/rsdb/pulls?page=5&q=is%3Apr+is%3Aclosed
538,https://github.com/spacejam/rsdb/pulls?page=6&q=is%3Apr+is%3Aclosed
539,https://github.com/spacejam/rsdb/pulls?page=7&q=is%3Apr+is%3Aclosed
540,https://github.com/spacejam/rsdb/pulls?page=8&q=is%3Apr+is%3Aclosed
541,https://github.com/gotham-rs/gotham/issues?page=1&q=is%3Aissue+is%3Aopen
542,https://github.com/gotham-rs/gotham/issues?page=2&q=is%3Aissue+is%3Aopen
543,https://github.com/gotham-rs/gotham/issues?page=1&q=is%3Aissue+is%3Aclosed
544,https://github.com/gotham-rs/gotham/issues?page=2&q=is%3Aissue+is%3Aclosed
545,https://github.com/gotham-rs/gotham/issues?page=3&q=is%3Aissue+is%3Aclosed
546,https://github.com/gotham-rs/gotham/issues?page=4&q=is%3Aissue+is%3Aclosed
547,https://github.com/gotham-rs/gotham/pulls?page=1&q=is%3Apr+is%3Aopen
548,https://github.com/gotham-rs/gotham/pulls?page=1&q=is%3Apr+is%3Aclosed
549,https://github.com/gotham-rs/gotham/pulls?page=2&q=is%3Apr+is%3Aclosed
550,https://github.com/gotham-rs/gotham/pulls?page=3&q=is%3Apr+is%3Aclosed
551,https://github.com/gotham-rs/gotham/pulls?page=4&q=is%3Apr+is%3Aclosed
552,https://github.com/gotham-rs/gotham/pulls?page=5&q=is%3Apr+is%3Aclosed
553,https://github.com/gotham-rs/gotham/pulls?page=6&q=is%3Apr+is%3Aclosed
554,https://github.com/gotham-rs/gotham/pulls?page=7&q=is%3Apr+is%3Aclosed
555,https://github.com/Keats/gutenberg/issues?page=1&q=is%3Aissue+is%3Aopen
556,https://github.com/Keats/gutenberg/issues?page=2&q=is%3Aissue+is%3Aopen
557,https://github.com/Keats/gutenberg/issues?page=3&q=is%3Aissue+is%3Aopen
558,https://github.com/Keats/gutenberg/issues?page=1&q=is%3Aissue+is%3Aclosed
559,https://github.com/Keats/gutenberg/issues?page=2&q=is%3Aissue+is%3Aclosed
560,https://github.com/Keats/gutenberg/issues?page=3&q=is%3Aissue+is%3Aclosed
561,https://github.com/Keats/gutenberg/issues?page=4&q=is%3Aissue+is%3Aclosed
562,https://github.com/Keats/gutenberg/issues?page=5&q=is%3Aissue+is%3Aclosed
563,https://github.com/Keats/gutenberg/issues?page=6&q=is%3Aissue+is%3Aclosed
564,https://github.com/Keats/gutenberg/issues?page=7&q=is%3Aissue+is%3Aclosed
565,https://github.com/Keats/gutenberg/issues?page=8&q=is%3Aissue+is%3Aclosed
566,https://github.com/Keats/gutenberg/issues?page=9&q=is%3Aissue+is%3Aclosed
567,https://github.com/Keats/gutenberg/issues?page=10&q=is%3Aissue+is%3Aclosed
568,https://github.com/Keats/gutenberg/issues?page=11&q=is%3Aissue+is%3Aclosed
569,https://github.com/Keats/gutenberg/pulls?page=1&q=is%3Apr+is%3Aopen
570,https://github.com/Keats/gutenberg/pulls?page=1&q=is%3Apr+is%3Aclosed
571,https://github.com/Keats/gutenberg/pulls?page=2&q=is%3Apr+is%3Aclosed
572,https://github.com/Keats/gutenberg/pulls?page=3&q=is%3Apr+is%3Aclosed
573,https://github.com/Keats/gutenberg/pulls?page=4&q=is%3Apr+is%3Aclosed
574,https://github.com/Keats/gutenberg/pulls?page=5&q=is%3Apr+is%3Aclosed
575,https://github.com/Keats/gutenberg/pulls?page=6&q=is%3Apr+is%3Aclosed
576,https://github.com/Keats/gutenberg/pulls?page=7&q=is%3Apr+is%3Aclosed
577,https://github.com/sozu-proxy/sozu/issues?page=1&q=is%3Aissue+is%3Aopen
578,https://github.com/sozu-proxy/sozu/issues?page=2&q=is%3Aissue+is%3Aopen
579,https://github.com/sozu-proxy/sozu/issues?page=3&q=is%3Aissue+is%3Aopen
580,https://github.com/sozu-proxy/sozu/issues?page=4&q=is%3Aissue+is%3Aopen
581,https://github.com/sozu-proxy/sozu/issues?page=5&q=is%3Aissue+is%3Aopen
582,https://github.com/sozu-proxy/sozu/issues?page=1&q=is%3Aissue+is%3Aclosed
583,https://github.com/sozu-proxy/sozu/issues?page=2&q=is%3Aissue+is%3Aclosed
584,https://github.com/sozu-proxy/sozu/issues?page=3&q=is%3Aissue+is%3Aclosed
585,https://github.com/sozu-proxy/sozu/issues?page=4&q=is%3Aissue+is%3Aclosed
586,https://github.com/sozu-proxy/sozu/issues?page=5&q=is%3Aissue+is%3Aclosed
587,https://github.com/sozu-proxy/sozu/issues?page=6&q=is%3Aissue+is%3Aclosed
588,https://github.com/sozu-proxy/sozu/issues?page=7&q=is%3Aissue+is%3Aclosed
589,https://github.com/sozu-proxy/sozu/issues?page=8&q=is%3Aissue+is%3Aclosed
590,https://github.com/sozu-proxy/sozu/issues?page=9&q=is%3Aissue+is%3Aclosed
591,https://github.com/sozu-proxy/sozu/issues?page=10&q=is%3Aissue+is%3Aclosed
592,https://github.com/sozu-proxy/sozu/issues?page=11&q=is%3Aissue+is%3Aclosed
593,https://github.com/sozu-proxy/sozu/issues?page=12&q=is%3Aissue+is%3Aclosed
594,https://github.com/sozu-proxy/sozu/pulls?page=1&q=is%3Apr+is%3Aopen
595,https://github.com/sozu-proxy/sozu/pulls?page=1&q=is%3Apr+is%3Aclosed
596,https://github.com/sozu-proxy/sozu/pulls?page=2&q=is%3Apr+is%3Aclosed
597,https://github.com/sozu-proxy/sozu/pulls?page=3&q=is%3Apr+is%3Aclosed
598,https://github.com/sozu-proxy/sozu/pulls?page=4&q=is%3Apr+is%3Aclosed
599,https://github.com/sozu-proxy/sozu/pulls?page=5&q=is%3Apr+is%3Aclosed
600,https://github.com/sozu-proxy/sozu/pulls?page=6&q=is%3Apr+is%3Aclosed
601,https://github.com/sozu-proxy/sozu/pulls?page=7&q=is%3Apr+is%3Aclosed
602,https://github.com/seanmonstar/reqwest/issues?page=1&q=is%3Aissue+is%3Aopen
603,https://github.com/seanmonstar/reqwest/issues?page=2&q=is%3Aissue+is%3Aopen
604,https://github.com/seanmonstar/reqwest/issues?page=3&q=is%3Aissue+is%3Aopen
605,https://github.com/seanmonstar/reqwest/issues?page=1&q=is%3Aissue+is%3Aclosed
606,https://github.com/seanmonstar/reqwest/issues?page=2&q=is%3Aissue+is%3Aclosed
607,https://github.com/seanmonstar/reqwest/issues?page=3&q=is%3Aissue+is%3Aclosed
608,https://github.com/seanmonstar/reqwest/issues?page=4&q=is%3Aissue+is%3Aclosed
609,https://github.com/seanmonstar/reqwest/issues?page=5&q=is%3Aissue+is%3Aclosed
610,https://github.com/seanmonstar/reqwest/issues?page=6&q=is%3Aissue+is%3Aclosed
611,https://github.com/seanmonstar/reqwest/issues?page=7&q=is%3Aissue+is%3Aclosed
612,https://github.com/seanmonstar/reqwest/pulls?page=1&q=is%3Apr+is%3Aopen
613,https://github.com/seanmonstar/reqwest/pulls?page=1&q=is%3Apr+is%3Aclosed
614,https://github.com/seanmonstar/reqwest/pulls?page=2&q=is%3Apr+is%3Aclosed
615,https://github.com/seanmonstar/reqwest/pulls?page=3&q=is%3Apr+is%3Aclosed
616,https://github.com/seanmonstar/reqwest/pulls?page=4&q=is%3Apr+is%3Aclosed
617,https://github.com/seanmonstar/reqwest/pulls?page=5&q=is%3Apr+is%3Aclosed
618,https://github.com/seanmonstar/reqwest/pulls?page=6&q=is%3Apr+is%3Aclosed
619,https://github.com/seanmonstar/reqwest/pulls?page=7&q=is%3Apr+is%3Aclosed
620,https://github.com/trishume/syntect/issues?page=1&q=is%3Aissue+is%3Aopen
621,https://github.com/trishume/syntect/issues?page=1&q=is%3Aissue+is%3Aclosed
622,https://github.com/trishume/syntect/issues?page=2&q=is%3Aissue+is%3Aclosed
623,https://github.com/trishume/syntect/issues?page=3&q=is%3Aissue+is%3Aclosed
624,https://github.com/trishume/syntect/pulls?page=1&q=is%3Apr+is%3Aopen
625,https://github.com/trishume/syntect/pulls?page=1&q=is%3Apr+is%3Aclosed
626,https://github.com/trishume/syntect/pulls?page=2&q=is%3Apr+is%3Aclosed
627,https://github.com/trishume/syntect/pulls?page=3&q=is%3Apr+is%3Aclosed
628,https://github.com/trishume/syntect/pulls?page=4&q=is%3Apr+is%3Aclosed
629,https://github.com/trishume/syntect/pulls?page=5&q=is%3Apr+is%3Aclosed
630,https://github.com/trishume/syntect/pulls?page=6&q=is%3Apr+is%3Aclosed
631,https://github.com/Aaronepower/tokei/issues?page=1&q=is%3Aissue+is%3Aopen
632,https://github.com/Aaronepower/tokei/issues?page=1&q=is%3Aissue+is%3Aclosed
633,https://github.com/Aaronepower/tokei/issues?page=2&q=is%3Aissue+is%3Aclosed
634,https://github.com/Aaronepower/tokei/issues?page=3&q=is%3Aissue+is%3Aclosed
635,https://github.com/Aaronepower/tokei/issues?page=4&q=is%3Aissue+is%3Aclosed
636,https://github.com/Aaronepower/tokei/issues?page=5&q=is%3Aissue+is%3Aclosed
637,https://github.com/Aaronepower/tokei/pulls?page=1&q=is%3Apr+is%3Aopen
638,https://github.com/Aaronepower/tokei/pulls?page=1&q=is%3Apr+is%3Aclosed
639,https://github.com/Aaronepower/tokei/pulls?page=2&q=is%3Apr+is%3Aclosed
640,https://github.com/Aaronepower/tokei/pulls?page=3&q=is%3Apr+is%3Aclosed
641,https://github.com/Aaronepower/tokei/pulls?page=4&q=is%3Apr+is%3Aclosed
642,https://github.com/Aaronepower/tokei/pulls?page=5&q=is%3Apr+is%3Aclosed
643,https://github.com/Aaronepower/tokei/pulls?page=6&q=is%3Apr+is%3Aclosed
644,https://github.com/tomaka/rouille/issues?page=1&q=is%3Aissue+is%3Aopen
645,https://github.com/tomaka/rouille/issues?page=2&q=is%3Aissue+is%3Aopen
646,https://github.com/tomaka/rouille/issues?page=1&q=is%3Aissue+is%3Aclosed
647,https://github.com/tomaka/rouille/issues?page=2&q=is%3Aissue+is%3Aclosed
648,https://github.com/tomaka/rouille/pulls?page=1&q=is%3Apr+is%3Aopen
649,https://github.com/tomaka/rouille/pulls?page=1&q=is%3Apr+is%3Aclosed
650,https://github.com/tomaka/rouille/pulls?page=2&q=is%3Apr+is%3Aclosed
651,https://github.com/tomaka/rouille/pulls?page=3&q=is%3Apr+is%3Aclosed
652,https://github.com/tomaka/rouille/pulls?page=4&q=is%3Apr+is%3Aclosed
653,https://github.com/tomaka/rouille/pulls?page=5&q=is%3Apr+is%3Aclosed
654,https://github.com/tomaka/rouille/pulls?page=6&q=is%3Apr+is%3Aclosed
655,https://github.com/tectonic-typesetting/tectonic/issues?page=1&q=is%3Aissue+is%3Aopen
656,https://github.com/tectonic-typesetting/tectonic/issues?page=2&q=is%3Aissue+is%3Aopen
657,https://github.com/tectonic-typesetting/tectonic/issues?page=1&q=is%3Aissue+is%3Aclosed
658,https://github.com/tectonic-typesetting/tectonic/issues?page=2&q=is%3Aissue+is%3Aclosed
659,https://github.com/tectonic-typesetting/tectonic/issues?page=3&q=is%3Aissue+is%3Aclosed
660,https://github.com/tectonic-typesetting/tectonic/pulls?page=1&q=is%3Apr+is%3Aopen
661,https://github.com/tectonic-typesetting/tectonic/pulls?page=1&q=is%3Apr+is%3Aclosed
662,https://github.com/tectonic-typesetting/tectonic/pulls?page=2&q=is%3Apr+is%3Aclosed
663,https://github.com/tectonic-typesetting/tectonic/pulls?page=3&q=is%3Apr+is%3Aclosed
664,https://github.com/tectonic-typesetting/tectonic/pulls?page=4&q=is%3Apr+is%3Aclosed
665,https://github.com/tectonic-typesetting/tectonic/pulls?page=5&q=is%3Apr+is%3Aclosed
666,https://github.com/tectonic-typesetting/tectonic/pulls?page=6&q=is%3Apr+is%3Aclosed
667,https://github.com/twitter/rpc-perf/issues?page=1&q=is%3Aissue+is%3Aopen
668,https://github.com/twitter/rpc-perf/issues?page=1&q=is%3Aissue+is%3Aclosed
669,https://github.com/twitter/rpc-perf/issues?page=2&q=is%3Aissue+is%3Aclosed
670,https://github.com/twitter/rpc-perf/pulls?page=1&q=is%3Apr+is%3Aopen
671,https://github.com/twitter/rpc-perf/pulls?page=1&q=is%3Apr+is%3Aclosed
672,https://github.com/twitter/rpc-perf/pulls?page=2&q=is%3Apr+is%3Aclosed
673,https://github.com/twitter/rpc-perf/pulls?page=3&q=is%3Apr+is%3Aclosed
674,https://github.com/twitter/rpc-perf/pulls?page=4&q=is%3Apr+is%3Aclosed
675,https://github.com/twitter/rpc-perf/pulls?page=5&q=is%3Apr+is%3Aclosed
676,https://github.com/twitter/rpc-perf/pulls?page=6&q=is%3Apr+is%3Aclosed
677,https://github.com/google/tarpc/issues?page=1&q=is%3Aissue+is%3Aopen
678,https://github.com/google/tarpc/issues?page=1&q=is%3Aissue+is%3Aclosed
679,https://github.com/google/tarpc/issues?page=2&q=is%3Aissue+is%3Aclosed
680,https://github.com/google/tarpc/issues?page=3&q=is%3Aissue+is%3Aclosed
681,https://github.com/google/tarpc/pulls?page=1&q=is%3Apr+is%3Aopen
682,https://github.com/google/tarpc/pulls?page=1&q=is%3Apr+is%3Aclosed
683,https://github.com/google/tarpc/pulls?page=2&q=is%3Apr+is%3Aclosed
684,https://github.com/google/tarpc/pulls?page=3&q=is%3Apr+is%3Aclosed
685,https://github.com/google/tarpc/pulls?page=4&q=is%3Apr+is%3Aclosed
686,https://github.com/google/tarpc/pulls?page=5&q=is%3Apr+is%3Aclosed
687,https://github.com/exonum/exonum-btc-anchoring/issues?page=1&q=is%3Aissue+is%3Aopen
688,https://github.com/exonum/exonum-btc-anchoring/issues?page=1&q=is%3Aissue+is%3Aclosed
689,https://github.com/exonum/exonum-btc-anchoring/pulls?page=1&q=is%3Apr+is%3Aopen
690,https://github.com/exonum/exonum-btc-anchoring/pulls?page=1&q=is%3Apr+is%3Aclosed
691,https://github.com/exonum/exonum-btc-anchoring/pulls?page=2&q=is%3Apr+is%3Aclosed
692,https://github.com/exonum/exonum-btc-anchoring/pulls?page=3&q=is%3Apr+is%3Aclosed
693,https://github.com/exonum/exonum-btc-anchoring/pulls?page=4&q=is%3Apr+is%3Aclosed
694,https://github.com/exonum/exonum-btc-anchoring/pulls?page=5&q=is%3Apr+is%3Aclosed
695,https://github.com/portier/portier-broker/issues?page=1&q=is%3Aissue+is%3Aopen
696,https://github.com/portier/portier-broker/issues?page=1&q=is%3Aissue+is%3Aclosed
697,https://github.com/portier/portier-broker/issues?page=2&q=is%3Aissue+is%3Aclosed
698,https://github.com/portier/portier-broker/issues?page=3&q=is%3Aissue+is%3Aclosed
699,https://github.com/portier/portier-broker/pulls?page=1&q=is%3Apr+is%3Aopen
700,https://github.com/portier/portier-broker/pulls?page=1&q=is%3Apr+is%3Aclosed
701,https://github.com/portier/portier-broker/pulls?page=2&q=is%3Apr+is%3Aclosed
702,https://github.com/portier/portier-broker/pulls?page=3&q=is%3Apr+is%3Aclosed
703,https://github.com/portier/portier-broker/pulls?page=4&q=is%3Apr+is%3Aclosed
704,https://github.com/tomusdrw/rust-web3/issues?page=1&q=is%3Aissue+is%3Aopen
705,https://github.com/tomusdrw/rust-web3/issues?page=2&q=is%3Aissue+is%3Aopen
706,https://github.com/tomusdrw/rust-web3/issues?page=1&q=is%3Aissue+is%3Aclosed
707,https://github.com/tomusdrw/rust-web3/issues?page=2&q=is%3Aissue+is%3Aclosed
708,https://github.com/tomusdrw/rust-web3/pulls?page=1&q=is%3Apr+is%3Aopen
709,https://github.com/tomusdrw/rust-web3/pulls?page=1&q=is%3Apr+is%3Aclosed
710,https://github.com/tomusdrw/rust-web3/pulls?page=2&q=is%3Apr+is%3Aclosed
711,https://github.com/tomusdrw/rust-web3/pulls?page=3&q=is%3Apr+is%3Aclosed
712,https://github.com/tomusdrw/rust-web3/pulls?page=4&q=is%3Apr+is%3Aclosed
713,https://github.com/actix/actix/issues?page=1&q=is%3Aissue+is%3Aopen
714,https://github.com/actix/actix/issues?page=1&q=is%3Aissue+is%3Aclosed
715,https://github.com/actix/actix/issues?page=2&q=is%3Aissue+is%3Aclosed
716,https://github.com/actix/actix/issues?page=3&q=is%3Aissue+is%3Aclosed
717,https://github.com/actix/actix/pulls?page=1&q=is%3Apr+is%3Aopen
718,https://github.com/actix/actix/pulls?page=1&q=is%3Apr+is%3Aclosed
719,https://github.com/actix/actix/pulls?page=2&q=is%3Apr+is%3Aclosed
720,https://github.com/actix/actix/pulls?page=3&q=is%3Apr+is%3Aclosed
721,https://github.com/actix/actix/pulls?page=4&q=is%3Apr+is%3Aclosed
722,https://github.com/MindFlavor/AzureSDKForRust/issues?page=1&q=is%3Aissue+is%3Aopen
723,https://github.com/MindFlavor/AzureSDKForRust/issues?page=1&q=is%3Aissue+is%3Aclosed
724,https://github.com/MindFlavor/AzureSDKForRust/pulls?page=1&q=is%3Apr+is%3Aopen
725,https://github.com/MindFlavor/AzureSDKForRust/pulls?page=1&q=is%3Apr+is%3Aclosed
726,https://github.com/MindFlavor/AzureSDKForRust/pulls?page=2&q=is%3Apr+is%3Aclosed
727,https://github.com/MindFlavor/AzureSDKForRust/pulls?page=3&q=is%3Apr+is%3Aclosed
728,https://github.com/MindFlavor/AzureSDKForRust/pulls?page=4&q=is%3Apr+is%3Aclosed
729,https://github.com/softprops/hubcaps/issues?page=1&q=is%3Aissue+is%3Aopen
730,https://github.com/softprops/hubcaps/issues?page=1&q=is%3Aissue+is%3Aclosed
731,https://github.com/softprops/hubcaps/issues?page=2&q=is%3Aissue+is%3Aclosed
732,https://github.com/softprops/hubcaps/issues?page=3&q=is%3Aissue+is%3Aclosed
733,https://github.com/softprops/hubcaps/pulls?page=1&q=is%3Apr+is%3Aopen
734,https://github.com/softprops/hubcaps/pulls?page=1&q=is%3Apr+is%3Aclosed
735,https://github.com/softprops/hubcaps/pulls?page=2&q=is%3Apr+is%3Aclosed
736,https://github.com/softprops/hubcaps/pulls?page=3&q=is%3Apr+is%3Aclosed
737,https://github.com/softprops/hubcaps/pulls?page=4&q=is%3Apr+is%3Aclosed
738,https://github.com/vitiral/artifact/issues?page=1&q=is%3Aissue+is%3Aopen
739,https://github.com/vitiral/artifact/issues?page=2&q=is%3Aissue+is%3Aopen
740,https://github.com/vitiral/artifact/issues?page=1&q=is%3Aissue+is%3Aclosed
741,https://github.com/vitiral/artifact/issues?page=2&q=is%3Aissue+is%3Aclosed
742,https://github.com/vitiral/artifact/issues?page=3&q=is%3Aissue+is%3Aclosed
743,https://github.com/vitiral/artifact/issues?page=4&q=is%3Aissue+is%3Aclosed
744,https://github.com/vitiral/artifact/issues?page=5&q=is%3Aissue+is%3Aclosed
745,https://github.com/vitiral/artifact/issues?page=6&q=is%3Aissue+is%3Aclosed
746,https://github.com/vitiral/artifact/pulls?page=1&q=is%3Apr+is%3Aopen
747,https://github.com/vitiral/artifact/pulls?page=1&q=is%3Apr+is%3Aclosed
748,https://github.com/vitiral/artifact/pulls?page=2&q=is%3Apr+is%3Aclosed
749,https://github.com/vitiral/artifact/pulls?page=3&q=is%3Apr+is%3Aclosed
750,https://github.com/tamarahills/metrics_controller/issues?page=1&q=is%3Aissue+is%3Aopen
751,https://github.com/tamarahills/metrics_controller/issues?page=1&q=is%3Aissue+is%3Aclosed
752,https://github.com/tamarahills/metrics_controller/issues?page=2&q=is%3Aissue+is%3Aclosed
753,https://github.com/tamarahills/metrics_controller/issues?page=3&q=is%3Aissue+is%3Aclosed
754,https://github.com/tamarahills/metrics_controller/pulls?page=1&q=is%3Apr+is%3Aopen
755,https://github.com/tamarahills/metrics_controller/pulls?page=1&q=is%3Apr+is%3Aclosed
756,https://github.com/tamarahills/metrics_controller/pulls?page=2&q=is%3Apr+is%3Aclosed
757,https://github.com/tamarahills/metrics_controller/pulls?page=3&q=is%3Apr+is%3Aclosed
758,https://github.com/getsentry/sentry-rust/issues?page=1&q=is%3Aissue+is%3Aopen
759,https://github.com/getsentry/sentry-rust/issues?page=1&q=is%3Aissue+is%3Aclosed
760,https://github.com/getsentry/sentry-rust/issues?page=2&q=is%3Aissue+is%3Aclosed
761,https://github.com/getsentry/sentry-rust/pulls?page=1&q=is%3Apr+is%3Aopen
762,https://github.com/getsentry/sentry-rust/pulls?page=1&q=is%3Apr+is%3Aclosed
763,https://github.com/getsentry/sentry-rust/pulls?page=2&q=is%3Apr+is%3Aclosed
764,https://github.com/getsentry/sentry-rust/pulls?page=3&q=is%3Apr+is%3Aclosed
765,https://github.com/trezm/fanta/issues?page=1&q=is%3Aissue+is%3Aopen
766,https://github.com/trezm/fanta/issues?page=1&q=is%3Aissue+is%3Aclosed
767,https://github.com/trezm/fanta/issues?page=2&q=is%3Aissue+is%3Aclosed
768,https://github.com/trezm/fanta/pulls?page=1&q=is%3Apr+is%3Aopen
769,https://github.com/trezm/fanta/pulls?page=1&q=is%3Apr+is%3Aclosed
770,https://github.com/trezm/fanta/pulls?page=2&q=is%3Apr+is%3Aclosed
771,https://github.com/trezm/fanta/pulls?page=3&q=is%3Apr+is%3Aclosed
772,https://github.com/lawliet89/rowdy/issues?page=1&q=is%3Aissue+is%3Aopen
773,https://github.com/lawliet89/rowdy/issues?page=1&q=is%3Aissue+is%3Aclosed
774,https://github.com/lawliet89/rowdy/pulls?page=1&q=is%3Apr+is%3Aopen
775,https://github.com/lawliet89/rowdy/pulls?page=1&q=is%3Apr+is%3Aclosed
776,https://github.com/lawliet89/rowdy/pulls?page=2&q=is%3Apr+is%3Aclosed
777,https://github.com/lawliet89/rowdy/pulls?page=3&q=is%3Apr+is%3Aclosed
778,https://github.com/polachok/libvirt-rpc/issues?page=1&q=is%3Aissue+is%3Aopen
779,https://github.com/polachok/libvirt-rpc/issues?page=1&q=is%3Aissue+is%3Aclosed
780,https://github.com/polachok/libvirt-rpc/pulls?page=1&q=is%3Apr+is%3Aopen
781,https://github.com/polachok/libvirt-rpc/pulls?page=1&q=is%3Apr+is%3Aclosed
782,https://github.com/polachok/libvirt-rpc/pulls?page=2&q=is%3Apr+is%3Aclosed
783,https://github.com/polachok/libvirt-rpc/pulls?page=3&q=is%3Apr+is%3Aclosed
784,https://github.com/blackbeam/rust-mysql-simple/issues?page=1&q=is%3Aissue+is%3Aopen
785,https://github.com/blackbeam/rust-mysql-simple/issues?page=1&q=is%3Aissue+is%3Aclosed
786,https://github.com/blackbeam/rust-mysql-simple/issues?page=2&q=is%3Aissue+is%3Aclosed
787,https://github.com/blackbeam/rust-mysql-simple/issues?page=3&q=is%3Aissue+is%3Aclosed
788,https://github.com/blackbeam/rust-mysql-simple/issues?page=4&q=is%3Aissue+is%3Aclosed
789,https://github.com/blackbeam/rust-mysql-simple/pulls?page=1&q=is%3Apr+is%3Aopen
790,https://github.com/blackbeam/rust-mysql-simple/pulls?page=1&q=is%3Apr+is%3Aclosed
791,https://github.com/blackbeam/rust-mysql-simple/pulls?page=2&q=is%3Apr+is%3Aclosed
792,https://github.com/blackbeam/rust-mysql-simple/pulls?page=3&q=is%3Apr+is%3Aclosed
793,https://github.com/lukaspustina/service-world/issues?page=1&q=is%3Aissue+is%3Aopen
794,https://github.com/lukaspustina/service-world/issues?page=1&q=is%3Aissue+is%3Aclosed
795,https://github.com/lukaspustina/service-world/pulls?page=1&q=is%3Apr+is%3Aopen
796,https://github.com/lukaspustina/service-world/pulls?page=1&q=is%3Apr+is%3Aclosed
797,https://github.com/lukaspustina/service-world/pulls?page=2&q=is%3Apr+is%3Aclosed
798,https://github.com/snipsco/dinghy/issues?page=1&q=is%3Aissue+is%3Aopen
799,https://github.com/snipsco/dinghy/issues?page=1&q=is%3Aissue+is%3Aclosed
800,https://github.com/snipsco/dinghy/pulls?page=1&q=is%3Apr+is%3Aopen
801,https://github.com/snipsco/dinghy/pulls?page=1&q=is%3Apr+is%3Aclosed
802,https://github.com/snipsco/dinghy/pulls?page=2&q=is%3Apr+is%3Aclosed
803,https://github.com/burtonageo/cargo-bundle/issues?page=1&q=is%3Aissue+is%3Aopen
804,https://github.com/burtonageo/cargo-bundle/issues?page=1&q=is%3Aissue+is%3Aclosed
805,https://github.com/burtonageo/cargo-bundle/pulls?page=1&q=is%3Apr+is%3Aopen
806,https://github.com/burtonageo/cargo-bundle/pulls?page=1&q=is%3Apr+is%3Aclosed
807,https://github.com/burtonageo/cargo-bundle/pulls?page=2&q=is%3Apr+is%3Aclosed
808,https://github.com/Metaswitch/swagger-rs/issues?page=1&q=is%3Aissue+is%3Aopen
809,https://github.com/Metaswitch/swagger-rs/issues?page=1&q=is%3Aissue+is%3Aclosed
810,https://github.com/Metaswitch/swagger-rs/pulls?page=1&q=is%3Apr+is%3Aopen
811,https://github.com/Metaswitch/swagger-rs/pulls?page=1&q=is%3Apr+is%3Aclosed
812,https://github.com/Metaswitch/swagger-rs/pulls?page=2&q=is%3Apr+is%3Aclosed
813,https://github.com/dermesser/yup-oauth2/issues?page=1&q=is%3Aissue+is%3Aopen
814,https://github.com/dermesser/yup-oauth2/issues?page=1&q=is%3Aissue+is%3Aclosed
815,https://github.com/dermesser/yup-oauth2/issues?page=2&q=is%3Aissue+is%3Aclosed
816,https://github.com/dermesser/yup-oauth2/pulls?page=1&q=is%3Apr+is%3Aopen
817,https://github.com/dermesser/yup-oauth2/pulls?page=1&q=is%3Apr+is%3Aclosed
818,https://github.com/dermesser/yup-oauth2/pulls?page=2&q=is%3Apr+is%3Aclosed
819,https://github.com/kpcyrd/sniffglue/issues?page=1&q=is%3Aissue+is%3Aopen
820,https://github.com/kpcyrd/sniffglue/issues?page=1&q=is%3Aissue+is%3Aclosed
821,https://github.com/kpcyrd/sniffglue/pulls?page=1&q=is%3Apr+is%3Aopen
822,https://github.com/kpcyrd/sniffglue/pulls?page=1&q=is%3Apr+is%3Aclosed
823,https://github.com/kpcyrd/sniffglue/pulls?page=2&q=is%3Apr+is%3Aclosed
824,https://github.com/brocode/fw/issues?page=1&q=is%3Aissue+is%3Aopen
825,https://github.com/brocode/fw/issues?page=1&q=is%3Aissue+is%3Aclosed
826,https://github.com/brocode/fw/issues?page=2&q=is%3Aissue+is%3Aclosed
827,https://github.com/brocode/fw/pulls?page=1&q=is%3Apr+is%3Aopen
828,https://github.com/brocode/fw/pulls?page=1&q=is%3Apr+is%3Aclosed
829,https://github.com/brocode/fw/pulls?page=2&q=is%3Apr+is%3Aclosed
830,https://github.com/zonyitoo/shadowsocks-rust/issues?page=1&q=is%3Aissue+is%3Aopen
831,https://github.com/zonyitoo/shadowsocks-rust/issues?page=1&q=is%3Aissue+is%3Aclosed
832,https://github.com/zonyitoo/shadowsocks-rust/issues?page=2&q=is%3Aissue+is%3Aclosed
833,https://github.com/zonyitoo/shadowsocks-rust/issues?page=3&q=is%3Aissue+is%3Aclosed
834,https://github.com/zonyitoo/shadowsocks-rust/issues?page=4&q=is%3Aissue+is%3Aclosed
835,https://github.com/zonyitoo/shadowsocks-rust/pulls?page=1&q=is%3Apr+is%3Aopen
836,https://github.com/zonyitoo/shadowsocks-rust/pulls?page=1&q=is%3Apr+is%3Aclosed
837,https://github.com/zonyitoo/shadowsocks-rust/pulls?page=2&q=is%3Apr+is%3Aclosed
838,https://github.com/dbrgn/tealdeer/issues?page=1&q=is%3Aissue+is%3Aopen
839,https://github.com/dbrgn/tealdeer/issues?page=1&q=is%3Aissue+is%3Aclosed
840,https://github.com/dbrgn/tealdeer/pulls?page=1&q=is%3Apr+is%3Aopen
841,https://github.com/dbrgn/tealdeer/pulls?page=1&q=is%3Apr+is%3Aclosed
842,https://github.com/dbrgn/tealdeer/pulls?page=2&q=is%3Apr+is%3Aclosed
843,https://github.com/str4d/ire/issues?page=1&q=is%3Aissue+is%3Aopen
844,https://github.com/str4d/ire/issues?page=1&q=is%3Aissue+is%3Aclosed
845,https://github.com/str4d/ire/pulls?page=1&q=is%3Apr+is%3Aopen
846,https://github.com/str4d/ire/pulls?page=1&q=is%3Apr+is%3Aclosed
847,https://github.com/str4d/ire/pulls?page=2&q=is%3Apr+is%3Aclosed
848,https://github.com/ceph/ceph-rust/issues?page=1&q=is%3Aissue+is%3Aopen
849,https://github.com/ceph/ceph-rust/issues?page=1&q=is%3Aissue+is%3Aclosed
850,https://github.com/ceph/ceph-rust/pulls?page=1&q=is%3Apr+is%3Aopen
851,https://github.com/ceph/ceph-rust/pulls?page=1&q=is%3Apr+is%3Aclosed
852,https://github.com/ceph/ceph-rust/pulls?page=2&q=is%3Apr+is%3Aclosed
853,https://github.com/lukaspustina/rs-collector/issues?page=1&q=is%3Aissue+is%3Aopen
854,https://github.com/lukaspustina/rs-collector/issues?page=1&q=is%3Aissue+is%3Aclosed
855,https://github.com/lukaspustina/rs-collector/pulls?page=1&q=is%3Apr+is%3Aopen
856,https://github.com/lukaspustina/rs-collector/pulls?page=1&q=is%3Apr+is%3Aclosed
857,https://github.com/lukaspustina/rs-collector/pulls?page=2&q=is%3Apr+is%3Aclosed
858,https://github.com/indradb/indradb/issues?page=1&q=is%3Aissue+is%3Aopen
859,https://github.com/indradb/indradb/issues?page=1&q=is%3Aissue+is%3Aclosed
860,https://github.com/indradb/indradb/pulls?page=1&q=is%3Apr+is%3Aopen
861,https://github.com/indradb/indradb/pulls?page=1&q=is%3Apr+is%3Aclosed
862,https://github.com/indradb/indradb/pulls?page=2&q=is%3Apr+is%3Aclosed
863,https://github.com/kpcyrd/boxxy-rs/issues?page=1&q=is%3Aissue+is%3Aopen
864,https://github.com/kpcyrd/boxxy-rs/issues?page=1&q=is%3Aissue+is%3Aclosed
865,https://github.com/kpcyrd/boxxy-rs/pulls?page=1&q=is%3Apr+is%3Aopen
866,https://github.com/kpcyrd/boxxy-rs/pulls?page=1&q=is%3Apr+is%3Aclosed
867,https://github.com/kpcyrd/boxxy-rs/pulls?page=2&q=is%3Apr+is%3Aclosed
868,https://github.com/lukaspustina/rat/issues?page=1&q=is%3Aissue+is%3Aopen
869,https://github.com/lukaspustina/rat/issues?page=1&q=is%3Aissue+is%3Aclosed
870,https://github.com/lukaspustina/rat/pulls?page=1&q=is%3Apr+is%3Aopen
871,https://github.com/lukaspustina/rat/pulls?page=1&q=is%3Apr+is%3Aclosed
872,https://github.com/lukaspustina/rat/pulls?page=2&q=is%3Apr+is%3Aclosed
873,https://github.com/ipetkov/conch-runtime/issues?page=1&q=is%3Aissue+is%3Aopen
874,https://github.com/ipetkov/conch-runtime/issues?page=1&q=is%3Aissue+is%3Aclosed
875,https://github.com/ipetkov/conch-runtime/pulls?page=1&q=is%3Apr+is%3Aopen
876,https://github.com/ipetkov/conch-runtime/pulls?page=1&q=is%3Apr+is%3Aclosed
877,https://github.com/ipetkov/conch-runtime/pulls?page=2&q=is%3Apr+is%3Aclosed
878,https://github.com/koute/cargo-web/issues?page=1&q=is%3Aissue+is%3Aopen
879,https://github.com/koute/cargo-web/issues?page=2&q=is%3Aissue+is%3Aopen
880,https://github.com/koute/cargo-web/issues?page=3&q=is%3Aissue+is%3Aopen
881,https://github.com/koute/cargo-web/issues?page=1&q=is%3Aissue+is%3Aclosed
882,https://github.com/koute/cargo-web/issues?page=2&q=is%3Aissue+is%3Aclosed
883,https://github.com/koute/cargo-web/issues?page=3&q=is%3Aissue+is%3Aclosed
884,https://github.com/koute/cargo-web/pulls?page=1&q=is%3Apr+is%3Aopen
885,https://github.com/koute/cargo-web/pulls?page=1&q=is%3Apr+is%3Aclosed
886,https://github.com/sfackler/log4rs/issues?page=1&q=is%3Aissue+is%3Aopen
887,https://github.com/sfackler/log4rs/issues?page=1&q=is%3Aissue+is%3Aclosed
888,https://github.com/sfackler/log4rs/issues?page=2&q=is%3Aissue+is%3Aclosed
889,https://github.com/sfackler/log4rs/pulls?page=1&q=is%3Apr+is%3Aopen
890,https://github.com/sfackler/log4rs/pulls?page=1&q=is%3Apr+is%3Aclosed
